name,price,description,url
Lenovo IdeaPad 1 Laptop,"$1,499 ","Customers enjoy the IdeaPad 1 15.6"" FHD Laptop for its budget-friendly price, lightweight design, and user-friendly interface. It is suitable for basic tasks such as web browsing, word processing, and watching videos. Designed to make short work of everyday tasks, including schoolwork and light gaming, this laptop features an Intel Celeron N4500 processor (2C, 4MB Cache, Up to 2.8GHz).",https://www.amazon.com/Lenovo-Computer-Dual-Core-Processor-Bluetooth/dp/B0F7HJJN7Z/ref=sr_1_1?dib=eyJ2IjoiMSJ9.5q_H7wBxJs793UANJQGtOD5pAPsviXkSccLOLQ8OC4IySXs10xmhN7cLP5JFAdx7FUovM0Jv0b6Z2_F-zf98O1K4KSwIi_EtugI-RpvGQotVfPqeBh0uR-5gJbV3Lu46lIfK6qEvzFJUiev1DUTaMyxjHlKnQxUr6G98bNK3rsv-G_oZMSFPVEvqz6KJEm70IQF9gBys3b-99frnJalb0X3jcq3hKWRHgtVH6-ezlTg.M_rdgYO5YkaUS_2rkAj3CCVgrhSsOVW4aSdAVW2SHf0&dib_tag=se&keywords=laptops&qid=1747757864&sr=8-1
Acer Aspire 3 A315-24P-R7VH Slim Laptop,$299.99 ,Internal Specifications: 8GB LPDDR5 Onboard Memory; 128GB NVMe solid-state drive storage to store your files and media,https://www.amazon.com/A315-24P-R7VH-Display-Quad-Core-Processor-Graphics/dp/B0BS4BP8FB/ref=sr_1_2?dib=eyJ2IjoiMSJ9.5q_H7wBxJs793UANJQGtOD5pAPsviXkSccLOLQ8OC4IySXs10xmhN7cLP5JFAdx7FUovM0Jv0b6Z2_F-zf98O1K4KSwIi_EtugI-RpvGQotVfPqeBh0uR-5gJbV3Lu46lIfK6qEvzFJUiev1DUTaMyxjHlKnQxUr6G98bNK3rsv-G_oZMSFPVEvqz6KJEm70IQF9gBys3b-99frnJalb0X3jcq3hKWRHgtVH6-ezlTg.M_rdgYO5YkaUS_2rkAj3CCVgrhSsOVW4aSdAVW2SHf0&dib_tag=se&keywords=laptops&qid=1747757864&sr=8-2
HP 2025 New Student Business Laptop,$469.99 ,"Intel Processor N150 & Intel Graphics: Intel Processor N150, 4 Cores & 4 Threads, up to 3.60 GHz, 6 MB Cahce. The powerful N150 processor provides smooth multitasking, quickly access web applications, edit photos and videos, and get the responsiveness you need to save time and increase productivity.Intel Graphics, Enjoyying vivid and immersive visuals in creative applications and gaming.",https://www.amazon.com/HP-Business-Laptop-14-Inch/dp/B0F6WBK6W5/ref=sr_1_3?dib=eyJ2IjoiMSJ9.5q_H7wBxJs793UANJQGtOD5pAPsviXkSccLOLQ8OC4IySXs10xmhN7cLP5JFAdx7FUovM0Jv0b6Z2_F-zf98O1K4KSwIi_EtugI-RpvGQotVfPqeBh0uR-5gJbV3Lu46lIfK6qEvzFJUiev1DUTaMyxjHlKnQxUr6G98bNK3rsv-G_oZMSFPVEvqz6KJEm70IQF9gBys3b-99frnJalb0X3jcq3hKWRHgtVH6-ezlTg.M_rdgYO5YkaUS_2rkAj3CCVgrhSsOVW4aSdAVW2SHf0&dib_tag=se&keywords=laptops&qid=1747757864&sr=8-3
Windows 11 Laptops,$239.99 ,"Laptop 17 inch screen? Experience the best of laptops on sale with this 17 inch laptop Computer, featuring a 1920×1080 HD IPS display for breathtaking clarity. Whether you're a movie lover, or a student attending online classes, this screen delivers cinema-quality visuals. The student laptop ensures effortless data entry, making it an excellent choice for study or work",https://www.amazon.com/SGIN-Windows-Computer-60800mWh-Business/dp/B0F24RWCHF/ref=sr_1_4?dib=eyJ2IjoiMSJ9.5q_H7wBxJs793UANJQGtOD5pAPsviXkSccLOLQ8OC4IySXs10xmhN7cLP5JFAdx7FUovM0Jv0b6Z2_F-zf98O1K4KSwIi_EtugI-RpvGQotVfPqeBh0uR-5gJbV3Lu46lIfK6qEvzFJUiev1DUTaMyxjHlKnQxUr6G98bNK3rsv-G_oZMSFPVEvqz6KJEm70IQF9gBys3b-99frnJalb0X3jcq3hKWRHgtVH6-ezlTg.M_rdgYO5YkaUS_2rkAj3CCVgrhSsOVW4aSdAVW2SHf0&dib_tag=se&keywords=laptops&qid=1747757864&sr=8-4
HP 14 Laptop,$549.99 ,"READY FOR ANYWHERE – With its thin and light design, 6.5 mm micro-edge bezel display, and 79% screen-to-body ratio, you’ll take this PC anywhere while you see and do more of what you love (1)",https://www.amazon.com/HP-Micro-edge-Microsoft-14-dq0040nr-Snowflake/dp/B0947BJ67M/ref=sr_1_5?dib=eyJ2IjoiMSJ9.5q_H7wBxJs793UANJQGtOD5pAPsviXkSccLOLQ8OC4IySXs10xmhN7cLP5JFAdx7FUovM0Jv0b6Z2_F-zf98O1K4KSwIi_EtugI-RpvGQotVfPqeBh0uR-5gJbV3Lu46lIfK6qEvzFJUiev1DUTaMyxjHlKnQxUr6G98bNK3rsv-G_oZMSFPVEvqz6KJEm70IQF9gBys3b-99frnJalb0X3jcq3hKWRHgtVH6-ezlTg.M_rdgYO5YkaUS_2rkAj3CCVgrhSsOVW4aSdAVW2SHf0&dib_tag=se&keywords=laptops&qid=1747757864&sr=8-5
HP 255 G10 Laptop for Home or Work,$339.00 ,"?AMD Ryzen 3 7330U Processor?Unleash extraordinary performance with a powerful 4-core architecture and advanced processing capabilities, ensuring effortless handling of demanding tasks and impressive power efficiency for long-lasting endurance.",https://www.amazon.com/HP-255-i5-1135G7-Windows-Business/dp/B0DCSYTVDD/ref=sr_1_6?dib=eyJ2IjoiMSJ9.5q_H7wBxJs793UANJQGtOD5pAPsviXkSccLOLQ8OC4IySXs10xmhN7cLP5JFAdx7FUovM0Jv0b6Z2_F-zf98O1K4KSwIi_EtugI-RpvGQotVfPqeBh0uR-5gJbV3Lu46lIfK6qEvzFJUiev1DUTaMyxjHlKnQxUr6G98bNK3rsv-G_oZMSFPVEvqz6KJEm70IQF9gBys3b-99frnJalb0X3jcq3hKWRHgtVH6-ezlTg.M_rdgYO5YkaUS_2rkAj3CCVgrhSsOVW4aSdAVW2SHf0&dib_tag=se&keywords=laptops&qid=1747757864&sr=8-6
"HP 15.6"" Touchscreen Laptop",$709.99 ,"Processor and Graphics: Intel i3-1215U processor (up to 4.4 GHz with Intel Turbo Boost Technology, 10 MB L3 cache, 6 cores, 8 threads), low power consumption and fast charging.Intel UHD Graphics supports smooth running of office, watching movies, browsing the web and some games",https://www.amazon.com/HP-Touchscreen-i3-1215U-Graphics-Business/dp/B0F381YMML/ref=sr_1_7?dib=eyJ2IjoiMSJ9.5q_H7wBxJs793UANJQGtOD5pAPsviXkSccLOLQ8OC4IySXs10xmhN7cLP5JFAdx7FUovM0Jv0b6Z2_F-zf98O1K4KSwIi_EtugI-RpvGQotVfPqeBh0uR-5gJbV3Lu46lIfK6qEvzFJUiev1DUTaMyxjHlKnQxUr6G98bNK3rsv-G_oZMSFPVEvqz6KJEm70IQF9gBys3b-99frnJalb0X3jcq3hKWRHgtVH6-ezlTg.M_rdgYO5YkaUS_2rkAj3CCVgrhSsOVW4aSdAVW2SHf0&dib_tag=se&keywords=laptops&qid=1747757864&sr=8-7
"HP 14"" Ultral Light Laptop for Students",$249.99 ,"?14"" HD Display?14.0-inch diagonal, HD (1366 x 768), micro-edge, BrightView. With virtually no bezel encircling the display, an ultra-wide viewing experience provides for seamless multi-monitor set-ups. HP 14 inch laptop with 128GB Ghost Manta SD CARD.",https://www.amazon.com/HP-Students-Business-Quad-Core-Storage/dp/B0B2D77YB8/ref=sr_1_8?dib=eyJ2IjoiMSJ9.5q_H7wBxJs793UANJQGtOD5pAPsviXkSccLOLQ8OC4IySXs10xmhN7cLP5JFAdx7FUovM0Jv0b6Z2_F-zf98O1K4KSwIi_EtugI-RpvGQotVfPqeBh0uR-5gJbV3Lu46lIfK6qEvzFJUiev1DUTaMyxjHlKnQxUr6G98bNK3rsv-G_oZMSFPVEvqz6KJEm70IQF9gBys3b-99frnJalb0X3jcq3hKWRHgtVH6-ezlTg.M_rdgYO5YkaUS_2rkAj3CCVgrhSsOVW4aSdAVW2SHf0&dib_tag=se&keywords=laptops&qid=1747757864&sr=8-8
Lenovo IdeaPad 1 Home,$299.99 ,?High Speed RAM And Enormous Space?12GB high-bandwidth RAM to smoothly run multiple applications and browser tabs all at once; 256GB PCIe NVMe M.2 Solid State Drive + 128GB eMMC allows to fast bootup and data transfer,https://www.amazon.com/Lenovo-IdeaPad-Display-Processor-Additional/dp/B0D74GBJ1L/ref=sr_1_9?dib=eyJ2IjoiMSJ9.5q_H7wBxJs793UANJQGtOD5pAPsviXkSccLOLQ8OC4IySXs10xmhN7cLP5JFAdx7FUovM0Jv0b6Z2_F-zf98O1K4KSwIi_EtugI-RpvGQotVfPqeBh0uR-5gJbV3Lu46lIfK6qEvzFJUiev1DUTaMyxjHlKnQxUr6G98bNK3rsv-G_oZMSFPVEvqz6KJEm70IQF9gBys3b-99frnJalb0X3jcq3hKWRHgtVH6-ezlTg.M_rdgYO5YkaUS_2rkAj3CCVgrhSsOVW4aSdAVW2SHf0&dib_tag=se&keywords=laptops&qid=1747757864&sr=8-9
"HP 15.6"" Business Laptop",$549.99 ,"?Lifetime Office?Free Microsoft Office LTSC Profession Plus 2024 with Lifetime license. Including Word, Excel, OneNote, Outlook, PowerPoint, Publisher, Access. Office 2024 is pre-installed and activated, Key is not needed and provided. Please DO NOT install Office 365, which invalidates the Office 2024 license.",https://www.amazon.com/HP-Business-Microsoft-Lifetime-Touchscreen/dp/B0CWN27G3V/ref=sr_1_10?dib=eyJ2IjoiMSJ9.5q_H7wBxJs793UANJQGtOD5pAPsviXkSccLOLQ8OC4IySXs10xmhN7cLP5JFAdx7FUovM0Jv0b6Z2_F-zf98O1K4KSwIi_EtugI-RpvGQotVfPqeBh0uR-5gJbV3Lu46lIfK6qEvzFJUiev1DUTaMyxjHlKnQxUr6G98bNK3rsv-G_oZMSFPVEvqz6KJEm70IQF9gBys3b-99frnJalb0X3jcq3hKWRHgtVH6-ezlTg.M_rdgYO5YkaUS_2rkAj3CCVgrhSsOVW4aSdAVW2SHf0&dib_tag=se&keywords=laptops&qid=1747757864&sr=8-10
Dell Inspiron Touchscreen,$399.00 ,"?Processor?Intel Quad-Core i5-1155G7 (4 cores, 8 threads, Max Boost Clock Up to 4.5GHz, 8 MB Cache). Your always-ready experience starts as soon as you open your device. Turn it on, boot up, and log in quickly.",https://www.amazon.com/Dell-Inspiron-Touchscreen-i5-1155G7-Processor/dp/B0CTPCTW66/ref=sr_1_11?dib=eyJ2IjoiMSJ9.5q_H7wBxJs793UANJQGtOD5pAPsviXkSccLOLQ8OC4IySXs10xmhN7cLP5JFAdx7FUovM0Jv0b6Z2_F-zf98O1K4KSwIi_EtugI-RpvGQotVfPqeBh0uR-5gJbV3Lu46lIfK6qEvzFJUiev1DUTaMyxjHlKnQxUr6G98bNK3rsv-G_oZMSFPVEvqz6KJEm70IQF9gBys3b-99frnJalb0X3jcq3hKWRHgtVH6-ezlTg.M_rdgYO5YkaUS_2rkAj3CCVgrhSsOVW4aSdAVW2SHf0&dib_tag=se&keywords=laptops&qid=1747757864&sr=8-11
LENOVO IdeaPad 1 Laptop,$370.00 ,?High Speed RAM And Enormous Space?20GB high-bandwidth RAM to smoothly run multiple applications and browser tabs all at once; 1TB PCIe NVMe M.2 Solid State Drive allows to fast bootup and data transfer,https://www.amazon.com/LENOVO-IdeaPad-Display-Celeron-Processor/dp/B0CQN3FDH5/ref=sr_1_12?dib=eyJ2IjoiMSJ9.5q_H7wBxJs793UANJQGtOD5pAPsviXkSccLOLQ8OC4IySXs10xmhN7cLP5JFAdx7FUovM0Jv0b6Z2_F-zf98O1K4KSwIi_EtugI-RpvGQotVfPqeBh0uR-5gJbV3Lu46lIfK6qEvzFJUiev1DUTaMyxjHlKnQxUr6G98bNK3rsv-G_oZMSFPVEvqz6KJEm70IQF9gBys3b-99frnJalb0X3jcq3hKWRHgtVH6-ezlTg.M_rdgYO5YkaUS_2rkAj3CCVgrhSsOVW4aSdAVW2SHf0&dib_tag=se&keywords=laptops&qid=1747757864&sr=8-12
ASUS E410 Intel Celeron N4020,$158.88 ,Intel Celeron N4020 Dual-Core Processor 1.1GHz Up to 2.8GHz / 4GB SDRAM / 64GB eMMC Storage,https://www.amazon.com/Intel-Celeron-N4020-14-Inch-Laptop/dp/B09YRY6QCX/ref=sr_1_13?dib=eyJ2IjoiMSJ9.5q_H7wBxJs793UANJQGtOD5pAPsviXkSccLOLQ8OC4IySXs10xmhN7cLP5JFAdx7FUovM0Jv0b6Z2_F-zf98O1K4KSwIi_EtugI-RpvGQotVfPqeBh0uR-5gJbV3Lu46lIfK6qEvzFJUiev1DUTaMyxjHlKnQxUr6G98bNK3rsv-G_oZMSFPVEvqz6KJEm70IQF9gBys3b-99frnJalb0X3jcq3hKWRHgtVH6-ezlTg.M_rdgYO5YkaUS_2rkAj3CCVgrhSsOVW4aSdAVW2SHf0&dib_tag=se&keywords=laptops&qid=1747757864&sr=8-13
HP Portable Laptop,$185.00 ,?Memory & Storage?The PC memory has been upgraded to 16GB DDR4 SDRAM for enhanced high bandwidth to easily switch back and forth between open applications; Hard drive has been upgraded to 64GB eMMC for fast boot up and speedy data transfer,https://www.amazon.com/HP-Portable-Microsoft-Quad-Core-Business/dp/B0CHHMH36M/ref=sr_1_14?dib=eyJ2IjoiMSJ9.5q_H7wBxJs793UANJQGtOD5pAPsviXkSccLOLQ8OC4IySXs10xmhN7cLP5JFAdx7FUovM0Jv0b6Z2_F-zf98O1K4KSwIi_EtugI-RpvGQotVfPqeBh0uR-5gJbV3Lu46lIfK6qEvzFJUiev1DUTaMyxjHlKnQxUr6G98bNK3rsv-G_oZMSFPVEvqz6KJEm70IQF9gBys3b-99frnJalb0X3jcq3hKWRHgtVH6-ezlTg.M_rdgYO5YkaUS_2rkAj3CCVgrhSsOVW4aSdAVW2SHf0&dib_tag=se&keywords=laptops&qid=1747757864&sr=8-14
Apple 2025 MacBook Air 13-inch,$979.00 ,"SPEED OF LIGHTNESS — MacBook Air with the M4 chip lets you blaze through work and play. With Apple Intelligence,* up to 18 hours of battery life,* and an incredibly portable design, you can take on anything, anywhere.",https://www.amazon.com/Apple-2025-MacBook-13-inch-Laptop/dp/B0DZDCPMGK/ref=sr_1_15?dib=eyJ2IjoiMSJ9.5q_H7wBxJs793UANJQGtOD5pAPsviXkSccLOLQ8OC4IySXs10xmhN7cLP5JFAdx7FUovM0Jv0b6Z2_F-zf98O1K4KSwIi_EtugI-RpvGQotVfPqeBh0uR-5gJbV3Lu46lIfK6qEvzFJUiev1DUTaMyxjHlKnQxUr6G98bNK3rsv-G_oZMSFPVEvqz6KJEm70IQF9gBys3b-99frnJalb0X3jcq3hKWRHgtVH6-ezlTg.M_rdgYO5YkaUS_2rkAj3CCVgrhSsOVW4aSdAVW2SHf0&dib_tag=se&keywords=laptops&qid=1747757864&sr=8-15
Dell Inspiron-15 3535,$264.99 ,"?? Start your day strong, no matter where you are - Whether you're working from a café or attending virtual classes at home, the Dell Inspiron 15.6"" Touchscreen Laptop with AMD Ryzen 7 7730U keeps you in control?Thanks to its 8-core, 16-thread processor and Radeon graphics, you’ll fly through multitasking without lags?The anti-glare display with ComfortView keeps your eyes relaxed—making every moment on screen more enjoyable.",https://www.amazon.com/Dell-Inspiron-15-Touchscreen-Laptop-Computer/dp/B0F5WS5HYW/ref=sr_1_16?dib=eyJ2IjoiMSJ9.5q_H7wBxJs793UANJQGtOD5pAPsviXkSccLOLQ8OC4IySXs10xmhN7cLP5JFAdx7FUovM0Jv0b6Z2_F-zf98O1K4KSwIi_EtugI-RpvGQotVfPqeBh0uR-5gJbV3Lu46lIfK6qEvzFJUiev1DUTaMyxjHlKnQxUr6G98bNK3rsv-G_oZMSFPVEvqz6KJEm70IQF9gBys3b-99frnJalb0X3jcq3hKWRHgtVH6-ezlTg.M_rdgYO5YkaUS_2rkAj3CCVgrhSsOVW4aSdAVW2SHf0&dib_tag=se&keywords=laptops&qid=1747757864&sr=8-16
Dell Inspiron,$399.00 ,"?Processor?Intel Quad-Core i5-1155G7 (4 cores, 8 threads, Max Boost Clock Up to 4.5GHz, 8 MB Cache). Your always-ready experience starts as soon as you open your device. Turn it on, boot up, and log in quickly.",https://www.amazon.com/Dell-Inspiron-Touchscreen-i5-1155G7-Processor/dp/B0CTPCTW66/ref=sr_1_17?dib=eyJ2IjoiMSJ9.avTGZeNmrACMNygN7wCvshctPWfcg0WGbptKtp2I596kqQ8YOJk8elS85yePzSY_5hf9peqB9VDLe5Q_MNvCY2HEBdG184vLU2ODe5U0BszIvr7t4M2oA94ihOelXR39ehIj-fmYx6s-0NWKdTp2r1rZZgf0iQ99Ii5osmi6BN5Zh26TtBj4E6S9Mo1FMKSER6Rt_uSL3mFCjWwMuDmbPfGOA9WYVRxp6vtkHbUGlrU.cqQjcnR-l7LFWqcRpMO0Qc3FMf0gt9clmZ_iwImZKtg&dib_tag=se&keywords=laptops&qid=1747757870&sr=8-17
HP 2025 Lightweight,$289.00 ,"14inch Diagonal, HD (1366 x 768), Micro-edge, BrightView IPS Display, Intel UHD Graphics Intel N Processor Up to 3.69GHz, 4GB LPDDR5 RAM, 128GB SSD 1x USB Type C, 1x USB Type A, 1x Headphone/Microphone Jack Super-fast 6th Gen Wifi and Bluetooth 5, HD Webcam Chrome OS, AC Charger Included, Dale Silver Color",https://www.amazon.com/HP-Lightweight-Chromebook-14-Super-Fast/dp/B0F2QZGDLL/ref=sr_1_18?dib=eyJ2IjoiMSJ9.avTGZeNmrACMNygN7wCvshctPWfcg0WGbptKtp2I596kqQ8YOJk8elS85yePzSY_5hf9peqB9VDLe5Q_MNvCY2HEBdG184vLU2ODe5U0BszIvr7t4M2oA94ihOelXR39ehIj-fmYx6s-0NWKdTp2r1rZZgf0iQ99Ii5osmi6BN5Zh26TtBj4E6S9Mo1FMKSER6Rt_uSL3mFCjWwMuDmbPfGOA9WYVRxp6vtkHbUGlrU.cqQjcnR-l7LFWqcRpMO0Qc3FMf0gt9clmZ_iwImZKtg&dib_tag=se&keywords=laptops&qid=1747757870&sr=8-18
ASUS Lightweight,"$1,649.01 ","Intel Celeron Processor Up to 2.76GHz, 4GB LPDDR4, 128GB SSD",https://www.amazon.com/ASUS-Lightweight-15-5-Laptop-Processor/dp/B0D6PHQVSV/ref=sr_1_19?dib=eyJ2IjoiMSJ9.avTGZeNmrACMNygN7wCvshctPWfcg0WGbptKtp2I596kqQ8YOJk8elS85yePzSY_5hf9peqB9VDLe5Q_MNvCY2HEBdG184vLU2ODe5U0BszIvr7t4M2oA94ihOelXR39ehIj-fmYx6s-0NWKdTp2r1rZZgf0iQ99Ii5osmi6BN5Zh26TtBj4E6S9Mo1FMKSER6Rt_uSL3mFCjWwMuDmbPfGOA9WYVRxp6vtkHbUGlrU.cqQjcnR-l7LFWqcRpMO0Qc3FMf0gt9clmZ_iwImZKtg&dib_tag=se&keywords=laptops&qid=1747757870&sr=8-19
Laptop Computer Intel N97,$339.99 ,"?Excellent Peformance? KAIGERR AX15 Laptop powered by latest Intel 12th generation Alder Lake N97 CPU (L3 Cache 6 MB, base frequency 2.0GHz, turbo up to 3.6GHz). KAIGERR laptops makes it easy to qualify for your PC work and online surface which have amazing loading and processing power for a smoother laptop used experience",https://www.amazon.com/KAIGERR-Computer-Windows-Traditional-Laptops/dp/B0F5425VL3/ref=sr_1_20?dib=eyJ2IjoiMSJ9.avTGZeNmrACMNygN7wCvshctPWfcg0WGbptKtp2I596kqQ8YOJk8elS85yePzSY_5hf9peqB9VDLe5Q_MNvCY2HEBdG184vLU2ODe5U0BszIvr7t4M2oA94ihOelXR39ehIj-fmYx6s-0NWKdTp2r1rZZgf0iQ99Ii5osmi6BN5Zh26TtBj4E6S9Mo1FMKSER6Rt_uSL3mFCjWwMuDmbPfGOA9WYVRxp6vtkHbUGlrU.cqQjcnR-l7LFWqcRpMO0Qc3FMf0gt9clmZ_iwImZKtg&dib_tag=se&keywords=laptops&qid=1747757870&sr=8-20
"HP Pavilion 15.6"" HD",$429.99 ,"?Processor? Intel Core i3-1115G4 (up to 4.1 GHz with Intel Turbo Boost Technology, 6 MB L3 cache, 2 cores, 4 threads)",https://www.amazon.com/HP-Pavilion-Touchscreen-Anti-Glare-Processor/dp/B0C4G4L53W/ref=sr_1_21?dib=eyJ2IjoiMSJ9.avTGZeNmrACMNygN7wCvshctPWfcg0WGbptKtp2I596kqQ8YOJk8elS85yePzSY_5hf9peqB9VDLe5Q_MNvCY2HEBdG184vLU2ODe5U0BszIvr7t4M2oA94ihOelXR39ehIj-fmYx6s-0NWKdTp2r1rZZgf0iQ99Ii5osmi6BN5Zh26TtBj4E6S9Mo1FMKSER6Rt_uSL3mFCjWwMuDmbPfGOA9WYVRxp6vtkHbUGlrU.cqQjcnR-l7LFWqcRpMO0Qc3FMf0gt9clmZ_iwImZKtg&dib_tag=se&keywords=laptops&qid=1747757870&sr=8-21
Dell Inspiron-15 3535,"$2,464.99 ","?? Start your day strong, no matter where you are - Whether you're working from a café or attending virtual classes at home, the Dell Inspiron 15.6"" Touchscreen Laptop with AMD Ryzen 7 7730U keeps you in control?Thanks to its 8-core, 16-thread processor and Radeon graphics, you’ll fly through multitasking without lags?The anti-glare display with ComfortView keeps your eyes relaxed—making every moment on screen more enjoyable.",https://www.amazon.com/Dell-Inspiron-15-Touchscreen-Laptop-Computer/dp/B0F5WS5HYW/ref=sr_1_22?dib=eyJ2IjoiMSJ9.avTGZeNmrACMNygN7wCvshctPWfcg0WGbptKtp2I596kqQ8YOJk8elS85yePzSY_5hf9peqB9VDLe5Q_MNvCY2HEBdG184vLU2ODe5U0BszIvr7t4M2oA94ihOelXR39ehIj-fmYx6s-0NWKdTp2r1rZZgf0iQ99Ii5osmi6BN5Zh26TtBj4E6S9Mo1FMKSER6Rt_uSL3mFCjWwMuDmbPfGOA9WYVRxp6vtkHbUGlrU.cqQjcnR-l7LFWqcRpMO0Qc3FMf0gt9clmZ_iwImZKtg&dib_tag=se&keywords=laptops&qid=1747757870&sr=8-22
"HP Latest 15"" Laptop",$359.99 ,"?Processor?This laptop is equipped with an Intel Celeron N4120 processor, offering a burst speed of up to 2.6 GHz, making it ideal for everyday activities. With 4 cores and 4 threads, it provides dependable performance for browsing, streaming, and light productivity tasks.",https://www.amazon.com/HP-Laptop-Quad-core-Processor-Recovery/dp/B0DVVRSX3B/ref=sr_1_23?dib=eyJ2IjoiMSJ9.avTGZeNmrACMNygN7wCvshctPWfcg0WGbptKtp2I596kqQ8YOJk8elS85yePzSY_5hf9peqB9VDLe5Q_MNvCY2HEBdG184vLU2ODe5U0BszIvr7t4M2oA94ihOelXR39ehIj-fmYx6s-0NWKdTp2r1rZZgf0iQ99Ii5osmi6BN5Zh26TtBj4E6S9Mo1FMKSER6Rt_uSL3mFCjWwMuDmbPfGOA9WYVRxp6vtkHbUGlrU.cqQjcnR-l7LFWqcRpMO0Qc3FMf0gt9clmZ_iwImZKtg&dib_tag=se&keywords=laptops&qid=1747757870&sr=8-23
Apple MacBook Air ,$899.00 ,"Renewed products look and work like new. These pre-owned products have been inspected and tested by Amazon-qualified suppliers, which typically perform a full diagnostic test, replacement of any defective parts, and a thorough cleaning process. Packaging and accessories may be generic. All products on Amazon Renewed come with a minimum 90-day supplier-backed warranty.",https://www.amazon.com/Apple-11-6-Inch-Integrated-Graphics-Refurbished/dp/B07CCM5X58/ref=sr_1_24?dib=eyJ2IjoiMSJ9.avTGZeNmrACMNygN7wCvshctPWfcg0WGbptKtp2I596kqQ8YOJk8elS85yePzSY_5hf9peqB9VDLe5Q_MNvCY2HEBdG184vLU2ODe5U0BszIvr7t4M2oA94ihOelXR39ehIj-fmYx6s-0NWKdTp2r1rZZgf0iQ99Ii5osmi6BN5Zh26TtBj4E6S9Mo1FMKSER6Rt_uSL3mFCjWwMuDmbPfGOA9WYVRxp6vtkHbUGlrU.cqQjcnR-l7LFWqcRpMO0Qc3FMf0gt9clmZ_iwImZKtg&dib_tag=se&keywords=laptops&qid=1747757870&sr=8-24
Lenovo V15 Business Laptop,$369.99 ,"Powerful Performance: Equipped with an Intel Pentium Silver N6000 Processor (4C / 4T, 1.1 / 3.3GHz, 4MB) and integrated Intel UHD Graphics, ensuring smooth and efficient multitasking for everyday computing tasks.",https://www.amazon.com/Lenovo-V15-Processor-Durability-Anti-Glare/dp/B0DX3T2CXS/ref=sr_1_25?dib=eyJ2IjoiMSJ9.avTGZeNmrACMNygN7wCvshctPWfcg0WGbptKtp2I596kqQ8YOJk8elS85yePzSY_5hf9peqB9VDLe5Q_MNvCY2HEBdG184vLU2ODe5U0BszIvr7t4M2oA94ihOelXR39ehIj-fmYx6s-0NWKdTp2r1rZZgf0iQ99Ii5osmi6BN5Zh26TtBj4E6S9Mo1FMKSER6Rt_uSL3mFCjWwMuDmbPfGOA9WYVRxp6vtkHbUGlrU.cqQjcnR-l7LFWqcRpMO0Qc3FMf0gt9clmZ_iwImZKtg&dib_tag=se&keywords=laptops&qid=1747757870&sr=8-25
ASUS ROG Strix G16 Gaming,"$1,258.91 ","POWER UP YOUR PLAY - Win more games with Windows 11, a 13th Gen Intel Core i7-13650HX processor, and an NVIDIA GeForce RTX 4060 Laptop GPU at 140W Max TGP.",https://www.amazon.com/ASUS-Display-NVIDIA%C2%AE-i7-13650HX-G614JV-AS74/dp/B0CRDCXRK2/ref=sr_1_26?dib=eyJ2IjoiMSJ9.avTGZeNmrACMNygN7wCvshctPWfcg0WGbptKtp2I596kqQ8YOJk8elS85yePzSY_5hf9peqB9VDLe5Q_MNvCY2HEBdG184vLU2ODe5U0BszIvr7t4M2oA94ihOelXR39ehIj-fmYx6s-0NWKdTp2r1rZZgf0iQ99Ii5osmi6BN5Zh26TtBj4E6S9Mo1FMKSER6Rt_uSL3mFCjWwMuDmbPfGOA9WYVRxp6vtkHbUGlrU.cqQjcnR-l7LFWqcRpMO0Qc3FMf0gt9clmZ_iwImZKtg&dib_tag=se&keywords=laptops&qid=1747757870&sr=8-26
15.6-FHD-Laptop Student-,$549.99 ,"High Performance: Powered by the 12th Gen Intel Alder Lake-N100 processor with 4 cores and 4 threads, the Nimo laptop delivers up to 3.4GHz performance. The Nimo laptop’s advanced Gracemont core design ensures 45% better efficiency, providing smooth multitasking for work, study, and entertainment.",https://www.amazon.com/15-6-FHD-Laptop-Student-Laptop-Quad-Core-Fingerprint-Business-Laptop/dp/B0DRVV3H89/ref=sr_1_27?dib=eyJ2IjoiMSJ9.avTGZeNmrACMNygN7wCvshctPWfcg0WGbptKtp2I596kqQ8YOJk8elS85yePzSY_5hf9peqB9VDLe5Q_MNvCY2HEBdG184vLU2ODe5U0BszIvr7t4M2oA94ihOelXR39ehIj-fmYx6s-0NWKdTp2r1rZZgf0iQ99Ii5osmi6BN5Zh26TtBj4E6S9Mo1FMKSER6Rt_uSL3mFCjWwMuDmbPfGOA9WYVRxp6vtkHbUGlrU.cqQjcnR-l7LFWqcRpMO0Qc3FMf0gt9clmZ_iwImZKtg&dib_tag=se&keywords=laptops&qid=1747757870&sr=8-27
"15.6-inch Windows 11 Laptop,",$269.00 ,"Empowered by Intel N5095: Experience seamless computing with our Windows laptop, powered by a swift and efficient Intel Quad Core processor. Effortlessly tackle all your tasks and applications with ease and speed. Note: Pls press the ""FN""+ ""Space Bar"" key to open/close the backlit keyboard.",https://www.amazon.com/UOWAMOU-15-6-inch-Computer-Fingerprint-Lightweight/dp/B0DBZ5SL9T/ref=sr_1_28?dib=eyJ2IjoiMSJ9.avTGZeNmrACMNygN7wCvshctPWfcg0WGbptKtp2I596kqQ8YOJk8elS85yePzSY_5hf9peqB9VDLe5Q_MNvCY2HEBdG184vLU2ODe5U0BszIvr7t4M2oA94ihOelXR39ehIj-fmYx6s-0NWKdTp2r1rZZgf0iQ99Ii5osmi6BN5Zh26TtBj4E6S9Mo1FMKSER6Rt_uSL3mFCjWwMuDmbPfGOA9WYVRxp6vtkHbUGlrU.cqQjcnR-l7LFWqcRpMO0Qc3FMf0gt9clmZ_iwImZKtg&dib_tag=se&keywords=laptops&qid=1747757870&sr=8-28
"2025 Laptop, Laptop Computer",$322.99 ,"?Unleash Limitless Power?The KAIGERR laptop is powered by the cutting-edge Intel Quad-Core processor (4C/4T, 6MB cache, up to 3.6GHz), delivering enhanced multitasking capabilities and improved graphics performance. With superior multitasking capabilities and enhanced graphics, it's the perfect companion for both work and play, bringing your digital world to life like never before. Elevate your performance—every click, every task.",https://www.amazon.com/KAIGERR-Computer-Quad-Core-Processor-Windows/dp/B0F3CVDRCG/ref=sr_1_29?dib=eyJ2IjoiMSJ9.avTGZeNmrACMNygN7wCvshctPWfcg0WGbptKtp2I596kqQ8YOJk8elS85yePzSY_5hf9peqB9VDLe5Q_MNvCY2HEBdG184vLU2ODe5U0BszIvr7t4M2oA94ihOelXR39ehIj-fmYx6s-0NWKdTp2r1rZZgf0iQ99Ii5osmi6BN5Zh26TtBj4E6S9Mo1FMKSER6Rt_uSL3mFCjWwMuDmbPfGOA9WYVRxp6vtkHbUGlrU.cqQjcnR-l7LFWqcRpMO0Qc3FMf0gt9clmZ_iwImZKtg&dib_tag=se&keywords=laptops&qid=1747757870&sr=8-29
Lenovo V-Series V15 Business,$562.49 ,[High Speed RAM And Enormous Space] 40GB high-bandwidth RAM to smoothly run multiple applications and browser tabs all at once; 1TB PCIe NVMe M.2 Solid State Drive allows to fast bootup and data transfer,https://www.amazon.com/Lenovo-V15-Business-Display-Numeric/dp/B0D3JLHQ8K/ref=sr_1_30?dib=eyJ2IjoiMSJ9.avTGZeNmrACMNygN7wCvshctPWfcg0WGbptKtp2I596kqQ8YOJk8elS85yePzSY_5hf9peqB9VDLe5Q_MNvCY2HEBdG184vLU2ODe5U0BszIvr7t4M2oA94ihOelXR39ehIj-fmYx6s-0NWKdTp2r1rZZgf0iQ99Ii5osmi6BN5Zh26TtBj4E6S9Mo1FMKSER6Rt_uSL3mFCjWwMuDmbPfGOA9WYVRxp6vtkHbUGlrU.cqQjcnR-l7LFWqcRpMO0Qc3FMf0gt9clmZ_iwImZKtg&dib_tag=se&keywords=laptops&qid=1747757870&sr=8-30
"HP Chromebook 14 Laptop, Intel Celeron N4120, 4 GB RAM, 64 GB eMMC, 14"" HD Display, Chrome OS, Thin Design, 4K Graphics, Long Battery Life, Ash Gray Keyboard (14a-na0226nr, 2022, Mineral Silver)",$142.56 ,"FOR HOME, WORK, & SCHOOL â€“ With an Intel processor, 14-inch display, custom-tuned stereo speakers, and long battery life, this Chromebook laptop lets you knock out any assignment or binge-watch your favorite shows..Voltage:5.0 volts HD DISPLAY, PORTABLE DESIGN â€“ See every bit of detail on this micro-edge, anti-glare, 14-inch HD (1366 x 768) display (1); easily take this thin and lightweight laptop PC from room to room, on trips, or in a backpack. ALL-DAY PERFORMANCE â€“ Reliably tackle all your assignments at once with the quad-core, Intel Celeron N4120â€”the perfect processor for performance, power consumption, and value (2). 4K READY â€“ Smoothly stream 4K content and play your favorite next-gen games with Intel UHD Graphics 600 (3) (4). MEMORY AND STORAGE â€“ Enjoy a boost to your systemâ€™s performance with 4 GB of RAM while saving more of your favorite memories with 64 GB of reliable flash-based eMMC storage (5). DESIGNED TO KEEP UP WITH YOU â€“ Get everything on your to-do list done with up to 14 hours of battery life (6); plus, HP Fast Charge technology charges your laptop computer from 0 to 50% in approximately 45 minutes, so you never miss a beat (7). CHROME OS AND WARRANTY â€“ Redefine how you work and play with the always secure and up-to-date Chrome browser, offering a huge selection of android apps in the Google Play Store (8). Start computing with confidence as your Google Chromebook laptop is covered by a 1-year limited hardware warranty. ROCK SOLID CONNECTIVITY â€“ Experience powerful connectivity with the 802.11a/b/g/n/ac (2x2) Wi-Fi and Bluetooth combo, perfect for remote work, modern games, or streaming your favorite show (9) (10). MULTI-TOUCH TOUCHPAD â€“ Your deviceâ€™s full-size keyboard features a true multi-touch touchpad that supports four-finger gestures and lets you scroll, zoom, and navigate with a simple touch. SUSTAINABLE DESIGN â€“ HP is committed to global citizenship and environmental responsibilityâ€”thatâ€™s why this laptop Chromebook is ENERGY STAR certified (11) and EPEAT Silver registered (12). Show more â€º",https://www.amazon.com/HP-Chromebook-Graphics-Keyboard-14a-na0226nr/dp/B09SVSBVP1/ref=sr_1_31?dib=eyJ2IjoiMSJ9.avTGZeNmrACMNygN7wCvshctPWfcg0WGbptKtp2I596kqQ8YOJk8elS85yePzSY_5hf9peqB9VDLe5Q_MNvCY2HEBdG184vLU2ODe5U0BszIvr7t4M2oA94ihOelXR39ehIj-fmYx6s-0NWKdTp2r1rZZgf0iQ99Ii5osmi6BN5Zh26TtBj4E6S9Mo1FMKSER6Rt_uSL3mFCjWwMuDmbPfGOA9WYVRxp6vtkHbUGlrU.cqQjcnR-l7LFWqcRpMO0Qc3FMf0gt9clmZ_iwImZKtg&dib_tag=se&keywords=laptops&qid=1747757870&sr=8-31
HP 2025 17 Inch Laptop,$995.00 ,"SEE MORE, DO MORE - Maximize what you can see and experience with the ultra-crisp, vivid visuals of the HP 17.3 inch FHD (1920 x 1080), IPS (superior color accuracy, wide viewing angles), anti-glare display. The HP laptop 17 inch screen provides a more immersive viewing experience, making it ideal for tasks that require a lot of screen real estate. For frequently multitasking or working with multiple windows open, the large screen on the HP 17.3 inch laptop can enhance your productivity",https://www.amazon.com/HP-Computer-Business-Storage-Lifetime/dp/B0DT9533VR/ref=sr_1_32?dib=eyJ2IjoiMSJ9.avTGZeNmrACMNygN7wCvshctPWfcg0WGbptKtp2I596kqQ8YOJk8elS85yePzSY_5hf9peqB9VDLe5Q_MNvCY2HEBdG184vLU2ODe5U0BszIvr7t4M2oA94ihOelXR39ehIj-fmYx6s-0NWKdTp2r1rZZgf0iQ99Ii5osmi6BN5Zh26TtBj4E6S9Mo1FMKSER6Rt_uSL3mFCjWwMuDmbPfGOA9WYVRxp6vtkHbUGlrU.cqQjcnR-l7LFWqcRpMO0Qc3FMf0gt9clmZ_iwImZKtg&dib_tag=se&keywords=laptops&qid=1747757870&sr=8-32
HP 15.6 inch Laptop,$429.00 ,"Processor?The HP 15.6"" laptop with Intel i5-1235U processor (up to 4.4GHz burst frequency, 10 cores, 12 threads) delivers excellent performance for demanding tasks, allowing you to access data faster and handle multitasking applications.",https://www.amazon.com/HP-Processor-Bluetooth-Alpacatec-Accessories/dp/B0DZ232N3V/ref=sr_1_33?dib=eyJ2IjoiMSJ9.8QKJIjAfTLUk__2ci2VuIGIEJ516vvns-3PbaPAPJq4jnXUszwXia4Td7mWeAoukJIEfl2eT8zR6x08BU7uo19hRFEf47ovp9yuU-Axwotej_kolHTPDfgnLzIaz-GzzA1jYQJvbd9LGCM416UNh2AFt6XDDPCrJUOrktm9-RQdyrh1DdqmBkoxuuodkCEbWwXkkLEBp87fj8gf4tgJlYoV2XFKLtV1G7_ENAR3X3kI.E9Dlxo4wUnksu4VhD-MUJhjxYg3GqqqMCrq4J47ccaE&dib_tag=se&keywords=laptops&qid=1747757874&sr=8-33
"Dell Inspiron 15.6"" Laptop",$659.99 ,"?Processor?Equipped with Intel Core i7-1255U (up to 4.70Ghz, 10 cores, 12 threads), it offers the ideal set of features to turn you into an unstoppable machine.",https://www.amazon.com/Dell-Inspiron-Computer-Processor-Microsoft/dp/B0DNRKT2NV/ref=sr_1_34?dib=eyJ2IjoiMSJ9.8QKJIjAfTLUk__2ci2VuIGIEJ516vvns-3PbaPAPJq4jnXUszwXia4Td7mWeAoukJIEfl2eT8zR6x08BU7uo19hRFEf47ovp9yuU-Axwotej_kolHTPDfgnLzIaz-GzzA1jYQJvbd9LGCM416UNh2AFt6XDDPCrJUOrktm9-RQdyrh1DdqmBkoxuuodkCEbWwXkkLEBp87fj8gf4tgJlYoV2XFKLtV1G7_ENAR3X3kI.E9Dlxo4wUnksu4VhD-MUJhjxYg3GqqqMCrq4J47ccaE&dib_tag=se&keywords=laptops&qid=1747757874&sr=8-34
"15.6-inch Windows 11 Laptop,",$269.00 ,"Empowered by Intel N5095: Experience seamless computing with our Windows laptop, powered by a swift and efficient Intel Quad Core processor. Effortlessly tackle all your tasks and applications with ease and speed. Note: Pls press the ""FN""+ ""Space Bar"" key to open/close the backlit keyboard. Vibrant Full HD Display: Immerse yourself in stunning visuals on our 15.6-inch Full High-Definition display. Enjoy vivid colors and razor-sharp images that bring your content to life. Ample 512GB SSD Storage: Store your entire digital world with confidence. Our laptop boasts a spacious 512GB Solid State Drive, ensuring you never have to worry about space constraints again. Effortlessly Portable Design: Designed for the modern nomad, our laptop combines lightweight construction with effortless portability. Perfect for those who need to stay productive on the move. Enduring Battery Life: Stay productive longer with our laptop's impressive battery performance. Power through your important projects without the fear of unexpected shutdowns, thanks to its long-lasting battery life. Versatile Connectivity Hub: Connect with ease to all your peripherals and devices. Our laptop features a comprehensive port selection including 1x USB 3.0, 1x USB 2.0, Standard Size HDMI, Headphone Jack, and Micro SD Card Reader, ensuring maximum compatibility and flexibility. Powered by Windows 11 Pro: Experience the future of computing with our laptop, pre-installed with the latest Windows 11 Pro operating system. Enjoy access to cutting-edge features, seamless updates, and enhanced security measures to keep you productive and protected. Office 2024: Pre-installed lifetime free Office 2024 Professional Plus.",https://www.amazon.com/UOWAMOU-15-6-inch-Computer-Fingerprint-Lightweight/dp/B0DBZ5SL9T/ref=sr_1_35?dib=eyJ2IjoiMSJ9.8QKJIjAfTLUk__2ci2VuIGIEJ516vvns-3PbaPAPJq4jnXUszwXia4Td7mWeAoukJIEfl2eT8zR6x08BU7uo19hRFEf47ovp9yuU-Axwotej_kolHTPDfgnLzIaz-GzzA1jYQJvbd9LGCM416UNh2AFt6XDDPCrJUOrktm9-RQdyrh1DdqmBkoxuuodkCEbWwXkkLEBp87fj8gf4tgJlYoV2XFKLtV1G7_ENAR3X3kI.E9Dlxo4wUnksu4VhD-MUJhjxYg3GqqqMCrq4J47ccaE&dib_tag=se&keywords=laptops&qid=1747757874&sr=8-35
Lenovo V-Series V15 Business,$562.49 ,[High Speed RAM And Enormous Space] 40GB high-bandwidth RAM to smoothly run multiple applications and browser tabs all at once; 1TB PCIe NVMe M.2 Solid State Drive allows to fast bootup and data transfer,https://www.amazon.com/Lenovo-V15-Business-Display-Numeric/dp/B0D3JLHQ8K/ref=sr_1_36?dib=eyJ2IjoiMSJ9.8QKJIjAfTLUk__2ci2VuIGIEJ516vvns-3PbaPAPJq4jnXUszwXia4Td7mWeAoukJIEfl2eT8zR6x08BU7uo19hRFEf47ovp9yuU-Axwotej_kolHTPDfgnLzIaz-GzzA1jYQJvbd9LGCM416UNh2AFt6XDDPCrJUOrktm9-RQdyrh1DdqmBkoxuuodkCEbWwXkkLEBp87fj8gf4tgJlYoV2XFKLtV1G7_ENAR3X3kI.E9Dlxo4wUnksu4VhD-MUJhjxYg3GqqqMCrq4J47ccaE&dib_tag=se&keywords=laptops&qid=1747757874&sr=8-36
"Lenovo 15.6"" FHD Laptop",$479.00 ,"Take on everyday tasks in style with the 15.6"" IdeaPad 1 Laptop in Cloud Grey from Lenovo. Designed for school, work, and entertainment, this laptop features an Intel Celeron N4500 processor (2C, 4MB Cache, Up to 2.8GHz).",https://www.amazon.com/Lenovo-Computer-Business-Processor-Bluetooth/dp/B0F1N3ZDB6/ref=sr_1_37?dib=eyJ2IjoiMSJ9.8QKJIjAfTLUk__2ci2VuIGIEJ516vvns-3PbaPAPJq4jnXUszwXia4Td7mWeAoukJIEfl2eT8zR6x08BU7uo19hRFEf47ovp9yuU-Axwotej_kolHTPDfgnLzIaz-GzzA1jYQJvbd9LGCM416UNh2AFt6XDDPCrJUOrktm9-RQdyrh1DdqmBkoxuuodkCEbWwXkkLEBp87fj8gf4tgJlYoV2XFKLtV1G7_ENAR3X3kI.E9Dlxo4wUnksu4VhD-MUJhjxYg3GqqqMCrq4J47ccaE&dib_tag=se&keywords=laptops&qid=1747757874&sr=8-37
"Dell Inspiron 15.6"" Touchscreen",$659.00 ,"?15.6"" Full HD Touchscreen?Enjoy sharp, detailed visuals with the 1920x1080 resolution and a smooth 60Hz refresh rate; Wide Viewing Angle (WVA) technology keeps colors clear from any perspective; anti-glare coating reduces reflections for comfortable viewing in bright spaces; narrow borders give you more screen and less distraction; LED backlighting enhances brightness while saving energy for longer use",https://www.amazon.com/Dell-Inspiron-15-6-Touchscreen-Laptop/dp/B0F2T1MRGK/ref=sr_1_38?dib=eyJ2IjoiMSJ9.8QKJIjAfTLUk__2ci2VuIGIEJ516vvns-3PbaPAPJq4jnXUszwXia4Td7mWeAoukJIEfl2eT8zR6x08BU7uo19hRFEf47ovp9yuU-Axwotej_kolHTPDfgnLzIaz-GzzA1jYQJvbd9LGCM416UNh2AFt6XDDPCrJUOrktm9-RQdyrh1DdqmBkoxuuodkCEbWwXkkLEBp87fj8gf4tgJlYoV2XFKLtV1G7_ENAR3X3kI.E9Dlxo4wUnksu4VhD-MUJhjxYg3GqqqMCrq4J47ccaE&dib_tag=se&keywords=laptops&qid=1747757874&sr=8-38
"HP 255 G10 15.6""",$541.53 ,?High Speed RAM And Enormous Space?32GB high-bandwidth RAM to smoothly run multiple applications and browser tabs all at once; 1TB PCIe M.2 Solid State Drive allows to fast bootup and data transfer,https://www.amazon.com/HP-Newest-Business-Numeric-Windows/dp/B0D4RH881B/ref=sr_1_39?dib=eyJ2IjoiMSJ9.8QKJIjAfTLUk__2ci2VuIGIEJ516vvns-3PbaPAPJq4jnXUszwXia4Td7mWeAoukJIEfl2eT8zR6x08BU7uo19hRFEf47ovp9yuU-Axwotej_kolHTPDfgnLzIaz-GzzA1jYQJvbd9LGCM416UNh2AFt6XDDPCrJUOrktm9-RQdyrh1DdqmBkoxuuodkCEbWwXkkLEBp87fj8gf4tgJlYoV2XFKLtV1G7_ENAR3X3kI.E9Dlxo4wUnksu4VhD-MUJhjxYg3GqqqMCrq4J47ccaE&dib_tag=se&keywords=laptops&qid=1747757874&sr=8-39
14 inch Windows 11 Laptop,$549.99 ,14 inch Windows 11 Laptop,https://www.amazon.com/MARGOLAI-Computer-Processor-Portable-Notebook/dp/B0D7Q5SRSR/ref=sr_1_40?dib=eyJ2IjoiMSJ9.8QKJIjAfTLUk__2ci2VuIGIEJ516vvns-3PbaPAPJq4jnXUszwXia4Td7mWeAoukJIEfl2eT8zR6x08BU7uo19hRFEf47ovp9yuU-Axwotej_kolHTPDfgnLzIaz-GzzA1jYQJvbd9LGCM416UNh2AFt6XDDPCrJUOrktm9-RQdyrh1DdqmBkoxuuodkCEbWwXkkLEBp87fj8gf4tgJlYoV2XFKLtV1G7_ENAR3X3kI.E9Dlxo4wUnksu4VhD-MUJhjxYg3GqqqMCrq4J47ccaE&dib_tag=se&keywords=laptops&qid=1747757874&sr=8-40
Dell Inspiron 3530 Touch-,$699.99 ,"?Optimized Efficiency? Leveraging the 13th Gen Intel Core Processor paired with Up to 64GB of high-speed RAM, this laptop delivers seamless multitasking and responsive performance in demanding applications.",https://www.amazon.com/Dell-Inspiron-Touch-Screen-i7-1355U-Graphics/dp/B0DZ32D1YL/ref=sr_1_41?dib=eyJ2IjoiMSJ9.8QKJIjAfTLUk__2ci2VuIGIEJ516vvns-3PbaPAPJq4jnXUszwXia4Td7mWeAoukJIEfl2eT8zR6x08BU7uo19hRFEf47ovp9yuU-Axwotej_kolHTPDfgnLzIaz-GzzA1jYQJvbd9LGCM416UNh2AFt6XDDPCrJUOrktm9-RQdyrh1DdqmBkoxuuodkCEbWwXkkLEBp87fj8gf4tgJlYoV2XFKLtV1G7_ENAR3X3kI.E9Dlxo4wUnksu4VhD-MUJhjxYg3GqqqMCrq4J47ccaE&dib_tag=se&keywords=laptops&qid=1747757874&sr=8-41
"HP 15.6"" Touchscreen Laptop",$459.00 ,"Intel Core i3-1215U Processor : Laptop is equipped with the Intel 12th Gen Core i3-1215U processor, featuring speeds of up to 4.4GHz, 6 cores, 8 threads, this hp laptop offers efficient performance for everyday tasks. Intel UHD Graphics provides clear visuals and smooth graphics for your computing needs.",https://www.amazon.com/HP-Touchscreen-Processor-Bluetooth-Accessories/dp/B0CNY3NCWN/ref=sr_1_42?dib=eyJ2IjoiMSJ9.8QKJIjAfTLUk__2ci2VuIGIEJ516vvns-3PbaPAPJq4jnXUszwXia4Td7mWeAoukJIEfl2eT8zR6x08BU7uo19hRFEf47ovp9yuU-Axwotej_kolHTPDfgnLzIaz-GzzA1jYQJvbd9LGCM416UNh2AFt6XDDPCrJUOrktm9-RQdyrh1DdqmBkoxuuodkCEbWwXkkLEBp87fj8gf4tgJlYoV2XFKLtV1G7_ENAR3X3kI.E9Dlxo4wUnksu4VhD-MUJhjxYg3GqqqMCrq4J47ccaE&dib_tag=se&keywords=laptops&qid=1747757874&sr=8-42
Apple Macbook Air 2017,$128.00 ,"1.8 GHz Intel Core i5 Dual-Core, 8GB of 1600 MHz LPDDR3 RAM | 128GB SSD",https://www.amazon.com/Apple-Macbook-13-inch-Storage-English/dp/B0751N2Y78/ref=sr_1_43?dib=eyJ2IjoiMSJ9.8QKJIjAfTLUk__2ci2VuIGIEJ516vvns-3PbaPAPJq4jnXUszwXia4Td7mWeAoukJIEfl2eT8zR6x08BU7uo19hRFEf47ovp9yuU-Axwotej_kolHTPDfgnLzIaz-GzzA1jYQJvbd9LGCM416UNh2AFt6XDDPCrJUOrktm9-RQdyrh1DdqmBkoxuuodkCEbWwXkkLEBp87fj8gf4tgJlYoV2XFKLtV1G7_ENAR3X3kI.E9Dlxo4wUnksu4VhD-MUJhjxYg3GqqqMCrq4J47ccaE&dib_tag=se&keywords=laptops&qid=1747757874&sr=8-43
Lenovo 2025 New Touchscreen,"$1,159.99 ","?Efficiency-Boosting Tools?Maximize your professional output with the Intel Core i3 processor (6 cores, speeds up to 4.4GHz, 10MB cache), integrated with Windows 11 Home for a seamless and powerful work experience.",https://www.amazon.com/Lenovo-Touchscreen-6-Cores-Recovery-Microsoft/dp/B0F7M4CWZZ/ref=sr_1_44?dib=eyJ2IjoiMSJ9.8QKJIjAfTLUk__2ci2VuIGIEJ516vvns-3PbaPAPJq4jnXUszwXia4Td7mWeAoukJIEfl2eT8zR6x08BU7uo19hRFEf47ovp9yuU-Axwotej_kolHTPDfgnLzIaz-GzzA1jYQJvbd9LGCM416UNh2AFt6XDDPCrJUOrktm9-RQdyrh1DdqmBkoxuuodkCEbWwXkkLEBp87fj8gf4tgJlYoV2XFKLtV1G7_ENAR3X3kI.E9Dlxo4wUnksu4VhD-MUJhjxYg3GqqqMCrq4J47ccaE&dib_tag=se&keywords=laptops&qid=1747757874&sr=8-44
"HP Stream 14""",$309.00 ,"?Upgraded?Seal is opened for upgrade only, 1-Year warranty on Upgraded RAM/SSD and original 1-Year Manufacture warranty on remaining components. ?14"" HD BrightView Display?14-inch diagonal 1366 x 768 (HD) bright view display. The captivating clarity and brilliance will surely enhance your work and entertainment endeavors.",https://www.amazon.com/HP-Stream-BrightView-N4120-Graphics/dp/B0CZKPF2QH/ref=sr_1_45?dib=eyJ2IjoiMSJ9.8QKJIjAfTLUk__2ci2VuIGIEJ516vvns-3PbaPAPJq4jnXUszwXia4Td7mWeAoukJIEfl2eT8zR6x08BU7uo19hRFEf47ovp9yuU-Axwotej_kolHTPDfgnLzIaz-GzzA1jYQJvbd9LGCM416UNh2AFt6XDDPCrJUOrktm9-RQdyrh1DdqmBkoxuuodkCEbWwXkkLEBp87fj8gf4tgJlYoV2XFKLtV1G7_ENAR3X3kI.E9Dlxo4wUnksu4VhD-MUJhjxYg3GqqqMCrq4J47ccaE&dib_tag=se&keywords=laptops&qid=1747757874&sr=8-45
HP 15.6 Touchscreen Laptop,"$3,599.99 ","Powerful processing power of thin and light notebooks - Intel i7-1255U processor (10 cores and 12 threads, up to 4.7GHz). Designed for advanced users such as content creators and programmers, it is perfectly adapted to mobile office scenarios such as thin and light notebooks and business notebooks, making multitasking and multimedia creation easy. The built-in Iris Xe graphics card supports 4K video encoding and decoding, optimizing graphics rendering and multimedia processing efficiency",https://www.amazon.com/HP-Touchscreen-Laptop-Computer-Accessories/dp/B0F3JFX98D/ref=sr_1_46?dib=eyJ2IjoiMSJ9.8QKJIjAfTLUk__2ci2VuIGIEJ516vvns-3PbaPAPJq4jnXUszwXia4Td7mWeAoukJIEfl2eT8zR6x08BU7uo19hRFEf47ovp9yuU-Axwotej_kolHTPDfgnLzIaz-GzzA1jYQJvbd9LGCM416UNh2AFt6XDDPCrJUOrktm9-RQdyrh1DdqmBkoxuuodkCEbWwXkkLEBp87fj8gf4tgJlYoV2XFKLtV1G7_ENAR3X3kI.E9Dlxo4wUnksu4VhD-MUJhjxYg3GqqqMCrq4J47ccaE&dib_tag=se&keywords=laptops&qid=1747757874&sr=8-46
SAMSUNG Galaxy Book4,$859.99 ,"Latest Intel Core 7 Processor: Elevate every moment with the SAMSUNG Galaxy Book 4 and its latest Core 7 processor. Handle daily tasks, downloads, and movie nights with ease and extra power",https://www.amazon.com/SAMSUNG-Galaxy-Book4-Business-Microsoft/dp/B0DHXPZRY7/ref=sr_1_47?dib=eyJ2IjoiMSJ9.8QKJIjAfTLUk__2ci2VuIGIEJ516vvns-3PbaPAPJq4jnXUszwXia4Td7mWeAoukJIEfl2eT8zR6x08BU7uo19hRFEf47ovp9yuU-Axwotej_kolHTPDfgnLzIaz-GzzA1jYQJvbd9LGCM416UNh2AFt6XDDPCrJUOrktm9-RQdyrh1DdqmBkoxuuodkCEbWwXkkLEBp87fj8gf4tgJlYoV2XFKLtV1G7_ENAR3X3kI.E9Dlxo4wUnksu4VhD-MUJhjxYg3GqqqMCrq4J47ccaE&dib_tag=se&keywords=laptops&qid=1747757874&sr=8-47
"HP Envy 17"" Business Laptop","$1,162.99 ","?Processor?Boost your productivity with the Intel Core i7-1355U processor, featuring 10 cores and 12 threads that clock up to 5.0GHz. Experience fast performance and responsiveness for all your tasks.",https://www.amazon.com/HP-Envy-Business-Processor-Touchscreen/dp/B0DW63VQNX/ref=sr_1_48?dib=eyJ2IjoiMSJ9.8QKJIjAfTLUk__2ci2VuIGIEJ516vvns-3PbaPAPJq4jnXUszwXia4Td7mWeAoukJIEfl2eT8zR6x08BU7uo19hRFEf47ovp9yuU-Axwotej_kolHTPDfgnLzIaz-GzzA1jYQJvbd9LGCM416UNh2AFt6XDDPCrJUOrktm9-RQdyrh1DdqmBkoxuuodkCEbWwXkkLEBp87fj8gf4tgJlYoV2XFKLtV1G7_ENAR3X3kI.E9Dlxo4wUnksu4VhD-MUJhjxYg3GqqqMCrq4J47ccaE&dib_tag=se&keywords=laptops&qid=1747757874&sr=8-48
"HP 14"" HD Laptop",$588.00 ,"14” Diagonal HD BrightView WLED-Backlit (1366 x 768), Intel Graphics,",https://www.amazon.com/HP-14-Laptop-Dual-Core-Processor/dp/B09VRX9YVW/ref=sr_1_49?dib=eyJ2IjoiMSJ9.346iguub0zi3qoevAbYEpwb0IGMn185PSJECdROsrWK17FJqBYPezGhrwqoWglmJRXXECBr6UyvsrrYuKrxE6UB6HqoAmnbz8_Iz_k7ocyAFpw_H-rE3sdS9YAAft86AnnU71yvs5sCCiGREVb2sSMUB33fi6dyJbRiHlDCtA1cP9C9L4TJf9-gW_ZYhar7ckRqSpLvBkaQKXWdXuQ3La3B1E3ZQiLFT3VAoV1imUd0.mj4HUmBtyQ8ypJ543_0bswJfk5VVOziimy5Q5bzhKRM&dib_tag=se&keywords=laptops&qid=1747757879&sr=8-49
"ASUS 14"" FHD Laptop",$279.00 ,"?14"" FHD IPS Display? The 1920 x 1080 resolution boasts impressive color and clarity. This laptop delivers sharp details and crisp colors, enhancing your viewing experience whether you're streaming videos, working on creative projects, or enjoying your favorite games.",https://www.amazon.com/ASUS-Pentium-Processor-Graphics-Bluetooth/dp/B0DQJ9Y4JL/ref=sr_1_50?dib=eyJ2IjoiMSJ9.346iguub0zi3qoevAbYEpwb0IGMn185PSJECdROsrWK17FJqBYPezGhrwqoWglmJRXXECBr6UyvsrrYuKrxE6UB6HqoAmnbz8_Iz_k7ocyAFpw_H-rE3sdS9YAAft86AnnU71yvs5sCCiGREVb2sSMUB33fi6dyJbRiHlDCtA1cP9C9L4TJf9-gW_ZYhar7ckRqSpLvBkaQKXWdXuQ3La3B1E3ZQiLFT3VAoV1imUd0.mj4HUmBtyQ8ypJ543_0bswJfk5VVOziimy5Q5bzhKRM&dib_tag=se&keywords=laptops&qid=1747757879&sr=8-50
SAMSUNG Galaxy Book4,$859.99 ,"Latest Intel Core 7 Processor: Elevate every moment with the SAMSUNG Galaxy Book 4 and its latest Core 7 processor. Handle daily tasks, downloads, and movie nights with ease and extra power",https://www.amazon.com/SAMSUNG-Galaxy-Book4-Business-Microsoft/dp/B0DHXPZRY7/ref=sr_1_51?dib=eyJ2IjoiMSJ9.346iguub0zi3qoevAbYEpwb0IGMn185PSJECdROsrWK17FJqBYPezGhrwqoWglmJRXXECBr6UyvsrrYuKrxE6UB6HqoAmnbz8_Iz_k7ocyAFpw_H-rE3sdS9YAAft86AnnU71yvs5sCCiGREVb2sSMUB33fi6dyJbRiHlDCtA1cP9C9L4TJf9-gW_ZYhar7ckRqSpLvBkaQKXWdXuQ3La3B1E3ZQiLFT3VAoV1imUd0.mj4HUmBtyQ8ypJ543_0bswJfk5VVOziimy5Q5bzhKRM&dib_tag=se&keywords=laptops&qid=1747757879&sr=8-51
HP 17 Laptop,$842.00 ,?High Speed RAM And Enormous Space?64GB high-bandwidth RAM to smoothly run multiple applications and browser tabs all at once; 2TB PCIe NVMe M.2 Solid State Drive that allows to fast bootup and data transfer,https://www.amazon.com/HP-Touchscreen-Display-i7-1255U-SuperSpeed/dp/B0CKTZVB17/ref=sr_1_52?dib=eyJ2IjoiMSJ9.346iguub0zi3qoevAbYEpwb0IGMn185PSJECdROsrWK17FJqBYPezGhrwqoWglmJRXXECBr6UyvsrrYuKrxE6UB6HqoAmnbz8_Iz_k7ocyAFpw_H-rE3sdS9YAAft86AnnU71yvs5sCCiGREVb2sSMUB33fi6dyJbRiHlDCtA1cP9C9L4TJf9-gW_ZYhar7ckRqSpLvBkaQKXWdXuQ3La3B1E3ZQiLFT3VAoV1imUd0.mj4HUmBtyQ8ypJ543_0bswJfk5VVOziimy5Q5bzhKRM&dib_tag=se&keywords=laptops&qid=1747757879&sr=8-52
"HP 15.6"" Portable Laptop",$328.29 ,?High Speed RAM And Enormous Space?16GB high-bandwidth RAM to smoothly run multiple applications and browser tabs all at once; 128GB UFS SSD allows to fast bootup and data transfer,https://www.amazon.com/HP-Portable-Microsoft-Quad-Core-Processor/dp/B0CPGKT77T/ref=sr_1_53?dib=eyJ2IjoiMSJ9.346iguub0zi3qoevAbYEpwb0IGMn185PSJECdROsrWK17FJqBYPezGhrwqoWglmJRXXECBr6UyvsrrYuKrxE6UB6HqoAmnbz8_Iz_k7ocyAFpw_H-rE3sdS9YAAft86AnnU71yvs5sCCiGREVb2sSMUB33fi6dyJbRiHlDCtA1cP9C9L4TJf9-gW_ZYhar7ckRqSpLvBkaQKXWdXuQ3La3B1E3ZQiLFT3VAoV1imUd0.mj4HUmBtyQ8ypJ543_0bswJfk5VVOziimy5Q5bzhKRM&dib_tag=se&keywords=laptops&qid=1747757879&sr=8-53
HP 2023 15'' HD IPS Laptop,$299.99 ,"15inch Diagonal, HD (1366 x 768), Micro-edge, BrightView Display, Intel Graphics",https://www.amazon.com/HP-15-Laptop-Processor-Super-Fast/dp/B0BQ9W4DV3/ref=sr_1_54?dib=eyJ2IjoiMSJ9.346iguub0zi3qoevAbYEpwb0IGMn185PSJECdROsrWK17FJqBYPezGhrwqoWglmJRXXECBr6UyvsrrYuKrxE6UB6HqoAmnbz8_Iz_k7ocyAFpw_H-rE3sdS9YAAft86AnnU71yvs5sCCiGREVb2sSMUB33fi6dyJbRiHlDCtA1cP9C9L4TJf9-gW_ZYhar7ckRqSpLvBkaQKXWdXuQ3La3B1E3ZQiLFT3VAoV1imUd0.mj4HUmBtyQ8ypJ543_0bswJfk5VVOziimy5Q5bzhKRM&dib_tag=se&keywords=laptops&qid=1747757879&sr=8-54
HP 15.6-inch Touch-Screen,$429.00 ,"11th Generation Intel Core i7-1165G7, Intel Iris Xe Graphics, 16 GB RAM, 512 GB SSD, Windows 11 Home (Natural Silver)",https://www.amazon.com/HP-15-6-inch-Touch-Screen-Generation-i7-1165G7/dp/B0B81D5D3Z/ref=sr_1_55?dib=eyJ2IjoiMSJ9.346iguub0zi3qoevAbYEpwb0IGMn185PSJECdROsrWK17FJqBYPezGhrwqoWglmJRXXECBr6UyvsrrYuKrxE6UB6HqoAmnbz8_Iz_k7ocyAFpw_H-rE3sdS9YAAft86AnnU71yvs5sCCiGREVb2sSMUB33fi6dyJbRiHlDCtA1cP9C9L4TJf9-gW_ZYhar7ckRqSpLvBkaQKXWdXuQ3La3B1E3ZQiLFT3VAoV1imUd0.mj4HUmBtyQ8ypJ543_0bswJfk5VVOziimy5Q5bzhKRM&dib_tag=se&keywords=laptops&qid=1747757879&sr=8-55
"HP Flagship 14"" HD Laptop with 1 Year Office 365 | 16GB RAM | 1.28TB Storage(128GB EMMC & 160GB Docking Station Set & 1TB Cloud Storage) | Intel 4-Core Processor | Webcam | Wi-Fi | Windows 11 | Black",$399.00 ,"?Upgraded?Seal is opened for upgrade only, 1-Year warranty on Upgraded RAM/SSD, and original 1-Year Manufacture warranty on remaining components.?Make the most out of your 365?Access essential productivity tools for one year with our included Office 365 subscription, ensuring seamless work and collaboration on your new laptop.",https://www.amazon.com/HP-Flagship-Storage-Docking-Processor/dp/B0DSF8R1P6/ref=sr_1_56?dib=eyJ2IjoiMSJ9.346iguub0zi3qoevAbYEpwb0IGMn185PSJECdROsrWK17FJqBYPezGhrwqoWglmJRXXECBr6UyvsrrYuKrxE6UB6HqoAmnbz8_Iz_k7ocyAFpw_H-rE3sdS9YAAft86AnnU71yvs5sCCiGREVb2sSMUB33fi6dyJbRiHlDCtA1cP9C9L4TJf9-gW_ZYhar7ckRqSpLvBkaQKXWdXuQ3La3B1E3ZQiLFT3VAoV1imUd0.mj4HUmBtyQ8ypJ543_0bswJfk5VVOziimy5Q5bzhKRM&dib_tag=se&keywords=laptops&qid=1747757879&sr=8-56
"HP 15.6""",$549.99 ,"Say hello to the most reliable PC that easily passes the vibe check. HP 15"" Laptop is built with dependable technology, next-level power, and rock-solid performance that turns your to-do lists into to-done lists. Go from shopping to streaming to keeping up with friends all at the speed of fun",https://www.amazon.com/HP-Pentium-Processor-Scarlet-15-fd0083wm/dp/B0CP4DV16W/ref=sr_1_57?dib=eyJ2IjoiMSJ9.346iguub0zi3qoevAbYEpwb0IGMn185PSJECdROsrWK17FJqBYPezGhrwqoWglmJRXXECBr6UyvsrrYuKrxE6UB6HqoAmnbz8_Iz_k7ocyAFpw_H-rE3sdS9YAAft86AnnU71yvs5sCCiGREVb2sSMUB33fi6dyJbRiHlDCtA1cP9C9L4TJf9-gW_ZYhar7ckRqSpLvBkaQKXWdXuQ3La3B1E3ZQiLFT3VAoV1imUd0.mj4HUmBtyQ8ypJ543_0bswJfk5VVOziimy5Q5bzhKRM&dib_tag=se&keywords=laptops&qid=1747757879&sr=8-57
Surface Laptop 4 ,"$1,547.00 ","Microsoft Surface Laptop 4 features 11th generation Intel Core i7 processor, 13.5-inch PixelSense Touchscreen Display (2256 x 1504) resolution",https://www.amazon.com/Microsoft-Surface-Laptop-13-5-Touch-Screen/dp/B09VLJS222/ref=sr_1_58?dib=eyJ2IjoiMSJ9.346iguub0zi3qoevAbYEpwb0IGMn185PSJECdROsrWK17FJqBYPezGhrwqoWglmJRXXECBr6UyvsrrYuKrxE6UB6HqoAmnbz8_Iz_k7ocyAFpw_H-rE3sdS9YAAft86AnnU71yvs5sCCiGREVb2sSMUB33fi6dyJbRiHlDCtA1cP9C9L4TJf9-gW_ZYhar7ckRqSpLvBkaQKXWdXuQ3La3B1E3ZQiLFT3VAoV1imUd0.mj4HUmBtyQ8ypJ543_0bswJfk5VVOziimy5Q5bzhKRM&dib_tag=se&keywords=laptops&qid=1747757879&sr=8-58
Lenovo V15 Gen 4,$499.98 ,"Introducing the Lenovo V15 - the perfect commercial laptop that is both budget-friendly and Military Grade MIL-SPEC tested to 810H requirements for sturdy built and business security. With its sleek design and robust features, the Lenovo V15 is the budget-friendly replacement for the Lenovo Thinkpad E15.",https://www.amazon.com/Lenovo-V15-Anti-Glare-i5-13420H-i7-1255U/dp/B0DNYVRZKN/ref=sr_1_59?dib=eyJ2IjoiMSJ9.346iguub0zi3qoevAbYEpwb0IGMn185PSJECdROsrWK17FJqBYPezGhrwqoWglmJRXXECBr6UyvsrrYuKrxE6UB6HqoAmnbz8_Iz_k7ocyAFpw_H-rE3sdS9YAAft86AnnU71yvs5sCCiGREVb2sSMUB33fi6dyJbRiHlDCtA1cP9C9L4TJf9-gW_ZYhar7ckRqSpLvBkaQKXWdXuQ3La3B1E3ZQiLFT3VAoV1imUd0.mj4HUmBtyQ8ypJ543_0bswJfk5VVOziimy5Q5bzhKRM&dib_tag=se&keywords=laptops&qid=1747757879&sr=8-59
HP 2024 Portable 15'',$199.99 ,"Intel Pentium Processor Up to 3.68GHz, 16GB DDR4, 128GB SSD",https://www.amazon.com/HP-15-Micro-Edge-Laptop-Ultra-Fast/dp/B0CTWGKR2C/ref=sr_1_60?dib=eyJ2IjoiMSJ9.346iguub0zi3qoevAbYEpwb0IGMn185PSJECdROsrWK17FJqBYPezGhrwqoWglmJRXXECBr6UyvsrrYuKrxE6UB6HqoAmnbz8_Iz_k7ocyAFpw_H-rE3sdS9YAAft86AnnU71yvs5sCCiGREVb2sSMUB33fi6dyJbRiHlDCtA1cP9C9L4TJf9-gW_ZYhar7ckRqSpLvBkaQKXWdXuQ3La3B1E3ZQiLFT3VAoV1imUd0.mj4HUmBtyQ8ypJ543_0bswJfk5VVOziimy5Q5bzhKRM&dib_tag=se&keywords=laptops&qid=1747757879&sr=8-60
"HP 2025 Pavilion 15.6""",$409.99 ,"Efficient Performance: Powered by the Intel Core i5-1235U processor with up to 4.40 GHz speed, ensuring smooth multitasking and reliable performance for everyday tasks. Comprehensive Connectivity: Equipped with Wi-Fi 6, Bluetooth 5.3, multiple USB ports, HDMI, and a headphone/mic combo jack for versatile connections. Crisp and Clear Display: Features a 15.6"" HD Touch IPS anti-glare display with micro-edge design, delivering vibrant visuals and reduced eye strain. Enhanced Webcam and Audio: Includes an HP True Vision HD camera with AI noise removal, a privacy shutter, and microphone mute for clear and secure video calls. Accessoryï¼šYour device includes a WOWPC recovery USB, designed to enhance your troubleshooting experience with greater convenience.",https://www.amazon.com/HP-Pavilion-Touchscreen-Computer-Microsoft/dp/B0DYF98C59/ref=sr_1_61?dib=eyJ2IjoiMSJ9.346iguub0zi3qoevAbYEpwb0IGMn185PSJECdROsrWK17FJqBYPezGhrwqoWglmJRXXECBr6UyvsrrYuKrxE6UB6HqoAmnbz8_Iz_k7ocyAFpw_H-rE3sdS9YAAft86AnnU71yvs5sCCiGREVb2sSMUB33fi6dyJbRiHlDCtA1cP9C9L4TJf9-gW_ZYhar7ckRqSpLvBkaQKXWdXuQ3La3B1E3ZQiLFT3VAoV1imUd0.mj4HUmBtyQ8ypJ543_0bswJfk5VVOziimy5Q5bzhKRM&dib_tag=se&keywords=laptops&qid=1747757879&sr=8-61
Lenovo IdeaPad 1 Student,$399.00 ,High Speed RAM And Enormous Space?12GB high-bandwidth RAM to smoothly run multiple applications and browser tabs all at once; 512GB PCIe NVMe M.2 Solid State Drive + 128GB eMMC allows to fast bootup and data transfer,https://www.amazon.com/Lenovo-IdeaPad-Student-Processor-Bluetooth/dp/B0CF62H34N/ref=sr_1_62?dib=eyJ2IjoiMSJ9.346iguub0zi3qoevAbYEpwb0IGMn185PSJECdROsrWK17FJqBYPezGhrwqoWglmJRXXECBr6UyvsrrYuKrxE6UB6HqoAmnbz8_Iz_k7ocyAFpw_H-rE3sdS9YAAft86AnnU71yvs5sCCiGREVb2sSMUB33fi6dyJbRiHlDCtA1cP9C9L4TJf9-gW_ZYhar7ckRqSpLvBkaQKXWdXuQ3La3B1E3ZQiLFT3VAoV1imUd0.mj4HUmBtyQ8ypJ543_0bswJfk5VVOziimy5Q5bzhKRM&dib_tag=se&keywords=laptops&qid=1747757879&sr=8-62
Lenovo 2024 IdeaPad 1 Gen 7,$394.99 , Speed RAM And Enormous Space] 16GB high-bandwidth RAM to smoothly run multiple applications and browser tabs all at once; 1TB PCIe NVMe M.2 Solid State Drive allows to fast bootup and data transfer,https://www.amazon.com/Lenovo-IdeaPad-Touchscreen-i3-1215U-Windows/dp/B0DCW8S2LY/ref=sr_1_63?dib=eyJ2IjoiMSJ9.346iguub0zi3qoevAbYEpwb0IGMn185PSJECdROsrWK17FJqBYPezGhrwqoWglmJRXXECBr6UyvsrrYuKrxE6UB6HqoAmnbz8_Iz_k7ocyAFpw_H-rE3sdS9YAAft86AnnU71yvs5sCCiGREVb2sSMUB33fi6dyJbRiHlDCtA1cP9C9L4TJf9-gW_ZYhar7ckRqSpLvBkaQKXWdXuQ3La3B1E3ZQiLFT3VAoV1imUd0.mj4HUmBtyQ8ypJ543_0bswJfk5VVOziimy5Q5bzhKRM&dib_tag=se&keywords=laptops&qid=1747757879&sr=8-63
"HP 14"" Ultra Light Laptop for Student & Home (Intel Quad-Core N4120, 4GB RAM, 128GB(64GB + 64GB SD), 1-Year Office 365) 11-Hr Long Battery Life, Webcam, WiFi, Win 11 Home in S Mode - Snow White",$229.99 ,"HP 14 laptop, an entry-level, light workload configuration laptop featuring lightweight and fast processing, perfect for everyday multitasking, loaded with Windows 11 Home in S mode, which provides a Fast, Safe, and Secure, Chromebook-like experience. HP 14 laptop is an ideal laptop for School Education, Light Work, Online Meetings, and Video Streaming. Microsoft 365 Personal. Get full access to Microsoft Excel, Word, PowerPoint, OneNote, Access, and 1TB One Drive storage for 1 year. Intel Celeron N4120 (Quad Core 4 Threads, Max Turbo to 2.6GHz); 4GB DDR4 RAM, 128GB Storage (64GB eMMc + 64GB MicroSD Card). USB 3.1 Gen 1 Type-C (Data Transfer Only), 2 x USB 3.1 Gen 1 Type-A , HDMI 1.4b, SD Card Reader, Headphone / mic combo, AC smart pin; Wi-Fi and Bluetooth; HD 720p Webcam 14"" HD (1366 x 768), Micro-edge, BrightView; Integrated Intel UHD Graphics - Expandable to 1 monitor via Type-C. Max resolution of the External Monitors: 4K (3840*2160) @60Hz Windows 11 Home in S mode, which provides a Fast, Safe, and Secure, Chromebook-like experience. You can switch to Windows 11 Home from S mode (but you can't switch from Home back to S mode Disclosure: This brand-new laptop has been expanded to the advertised storage capacity. Includes a 3-year warranty on the expanded SD Card storage from Issaquah Highlands Tech. 1-year manufacturer warranty covering all other components. â€º",https://www.amazon.com/HP-14-Student-Quad-Core-Battery/dp/B0DQXHKYJ4/ref=sr_1_64?dib=eyJ2IjoiMSJ9.346iguub0zi3qoevAbYEpwb0IGMn185PSJECdROsrWK17FJqBYPezGhrwqoWglmJRXXECBr6UyvsrrYuKrxE6UB6HqoAmnbz8_Iz_k7ocyAFpw_H-rE3sdS9YAAft86AnnU71yvs5sCCiGREVb2sSMUB33fi6dyJbRiHlDCtA1cP9C9L4TJf9-gW_ZYhar7ckRqSpLvBkaQKXWdXuQ3La3B1E3ZQiLFT3VAoV1imUd0.mj4HUmBtyQ8ypJ543_0bswJfk5VVOziimy5Q5bzhKRM&dib_tag=se&keywords=laptops&qid=1747757879&sr=8-64
"HP Business 17.3"" Touchscreen",$579.00 ,32GB high-bandwidth RAM to smoothly run multiple applications and browser tabs all at once; 128GB eMMC + 1TB PCIe NVMe M.2 Solid State Drive allows to fast bootup and data transfer,https://www.amazon.com/HP-Business-Touchscreen-8-Cores-i3-N305/dp/B0DW9JFQH9/ref=sr_1_65?dib=eyJ2IjoiMSJ9.08laNSW4Nhz1_WgqFP_TmERlkUPDMtGMQe2IyI8DjgG5W24VUqJh45DP0LTDYEJMGulWT7TQrzorFXedlJb2lVPrNW9TBhQTDCYtZB5vKNd3e7I5pvtH-U8jljUd4SGdul9L8RYHqe_ttFomiwA70WCqdPOzZcso5_TJRN78xtzU-sxctqirHaVndBL-Rj1zaOooU-Gm-056pQuWbxnLQgxASWilWNBJ11FN8qmlRKQ.bDtcdQ7QasaMUdWtZ3k_9sieb1RoU5IGUrWFHD888e4&dib_tag=se&keywords=laptops&qid=1747757886&sr=8-65
"ASUS 17.3"" Vivobook",$419.99 ,"?Processor?The Intel Core i3-1215U processor, with 6 cores and 8 threads, offers solid performance for everyday tasks like web browsing, office work, and light media editing. With a turbo boost of up to 4.4 GHz, it provides a responsive experience, while its power-efficient design helps extend battery life in devices.",https://www.amazon.com/ASUS-Vivobook-i3-1215U-Processor-i7-1165G7/dp/B0DV1J8GXL/ref=sr_1_66?dib=eyJ2IjoiMSJ9.08laNSW4Nhz1_WgqFP_TmERlkUPDMtGMQe2IyI8DjgG5W24VUqJh45DP0LTDYEJMGulWT7TQrzorFXedlJb2lVPrNW9TBhQTDCYtZB5vKNd3e7I5pvtH-U8jljUd4SGdul9L8RYHqe_ttFomiwA70WCqdPOzZcso5_TJRN78xtzU-sxctqirHaVndBL-Rj1zaOooU-Gm-056pQuWbxnLQgxASWilWNBJ11FN8qmlRKQ.bDtcdQ7QasaMUdWtZ3k_9sieb1RoU5IGUrWFHD888e4&dib_tag=se&keywords=laptops&qid=1747757886&sr=8-66
"HP Premium 14"" Stream HD",$259.00 ,"?14.0-inch diagonal, HD Display?With virtually no bezel encircling the display, an ultra-wide viewing experience provides for seamless multi-monitor set-ups.",https://www.amazon.com/HP-Premium-Stream-Graphics-Bluetooth/dp/B0CJP7SFX6/ref=sr_1_67?dib=eyJ2IjoiMSJ9.08laNSW4Nhz1_WgqFP_TmERlkUPDMtGMQe2IyI8DjgG5W24VUqJh45DP0LTDYEJMGulWT7TQrzorFXedlJb2lVPrNW9TBhQTDCYtZB5vKNd3e7I5pvtH-U8jljUd4SGdul9L8RYHqe_ttFomiwA70WCqdPOzZcso5_TJRN78xtzU-sxctqirHaVndBL-Rj1zaOooU-Gm-056pQuWbxnLQgxASWilWNBJ11FN8qmlRKQ.bDtcdQ7QasaMUdWtZ3k_9sieb1RoU5IGUrWFHD888e4&dib_tag=se&keywords=laptops&qid=1747757886&sr=8-67
Dell Latitude 7420,$689.98 ,"[ INTEL Core i7 Processor ] Released in 2021 The Latitude 7420 2-in-1 is DELL's latest release in the 14"" Latitude 7000 family. It comes with all the latest technology including DDR4 Memory clocked at a whopping 3200MHz and a 11th generation INTEL 4-core Processor. The 4 cores on the Core i7-1165G7 processor allows for exceptional multitasking. To save power and prolong battery life the processor will run @ 1.2Ghz under low use but will boost to 4.7GHz under heavy use for powerful performance",https://www.amazon.com/Dell-Latitude-7000-7420-Touch/dp/B09ZLQK217/ref=sr_1_68?dib=eyJ2IjoiMSJ9.08laNSW4Nhz1_WgqFP_TmERlkUPDMtGMQe2IyI8DjgG5W24VUqJh45DP0LTDYEJMGulWT7TQrzorFXedlJb2lVPrNW9TBhQTDCYtZB5vKNd3e7I5pvtH-U8jljUd4SGdul9L8RYHqe_ttFomiwA70WCqdPOzZcso5_TJRN78xtzU-sxctqirHaVndBL-Rj1zaOooU-Gm-056pQuWbxnLQgxASWilWNBJ11FN8qmlRKQ.bDtcdQ7QasaMUdWtZ3k_9sieb1RoU5IGUrWFHD888e4&dib_tag=se&keywords=laptops&qid=1747757886&sr=8-68
ASUS TUF Gaming A16,"$1,699.99 ","READY FOR ANYTHING – Power through your day with Windows 11 and the AMD Ryzen 9 AI HX 370 Processor, delivering up to 50 TOPs of AI performance. Take your gaming to the next level with the NVIDIA GeForce RTX 4060 Laptop GPU and NVIDIA Advanced Optimus.",https://www.amazon.com/ASUS-TUF-Gaming-Copilot-Laptop/dp/B0D71LJ17N/ref=sr_1_69?dib=eyJ2IjoiMSJ9.08laNSW4Nhz1_WgqFP_TmERlkUPDMtGMQe2IyI8DjgG5W24VUqJh45DP0LTDYEJMGulWT7TQrzorFXedlJb2lVPrNW9TBhQTDCYtZB5vKNd3e7I5pvtH-U8jljUd4SGdul9L8RYHqe_ttFomiwA70WCqdPOzZcso5_TJRN78xtzU-sxctqirHaVndBL-Rj1zaOooU-Gm-056pQuWbxnLQgxASWilWNBJ11FN8qmlRKQ.bDtcdQ7QasaMUdWtZ3k_9sieb1RoU5IGUrWFHD888e4&dib_tag=se&keywords=laptops&qid=1747757886&sr=8-69
Lenovo Computer Dual-Core Processor,$199.99 ,"Lenovo Computer with Dual-Core Processor, 8GB RAM, 128GB SSD, Windows 11, WiFi, Bluetooth, Webcam.",https://www.amazon.com/Lenovo-Computer-Dual-Core-Processor-Bluetooth/dp/B0F7HJJN7Z
Acer Aspire A315-24P-R7VH,$289.00 ,"15.6"" Full HD Display, AMD Ryzen 3 7320U Quad-Core Processor, AMD Radeon Graphics, 8GB LPDDR5, 128GB SSD, Wi-Fi 6, Windows 11 Home in S mode.",https://www.amazon.com/A315-24P-R7VH-Display-Quad-Core-Processor-Graphics/dp/B0BS4BP8FB
HP Business Laptop 14-Inch,$229.00 ,"HP Business Laptop, 14-Inch HD Display, Intel Celeron N4020, 8GB RAM, 64GB eMMC, Windows 11 Home, Webcam, HDMI, WiFi, Bluetooth.",https://www.amazon.com/HP-Business-Laptop-14-Inch/dp/B0F6WBK6W5
SGIN Windows Laptop 15.6 inch,$289.99 ,"SGIN Laptop 15.6 inch Windows 11, 12GB DDR4 RAM, 512GB SSD, Intel Celeron N5095, up to 2.9GHz, 2.4G/5G WiFi, Bluetooth, 60800mWh battery.",https://www.amazon.com/SGIN-Windows-Computer-60800mWh-Business/dp/B0F24RWCHF
"HP 14"" Laptop, Intel Celeron",$179.99 ,"HP 14"" Laptop, Intel Celeron N4020, 4GB RAM, 64GB Storage, Windows 11 Home in S Mode, 1-Year Microsoft 365, Snowflake White.",https://www.amazon.com/HP-Micro-edge-Microsoft-14-dq0040nr-Snowflake/dp/B0947BJ67M
HP 255 G8 Laptop,$499.00 ,"HP 255 G8 Laptop, AMD Ryzen 5 5500U, 16GB RAM, 512GB SSD, Windows 11 Pro, Business Laptop.",https://www.amazon.com/HP-255-i5-1135G7-Windows-Business/dp/B0DCSYTVDD
"HP Touchscreen Laptop 15.6""",$429.00 ,"HP Touchscreen Laptop, 15.6"", Intel Core i3-1215U, 16GB RAM, 1TB SSD, Windows 11, Business Laptop.",https://www.amazon.com/HP-Touchscreen-i3-1215U-Graphics-Business/dp/B0F381YMML
HP Laptop for Students and Business,$379.00 ,"HP Laptop, Intel Quad-Core Processor, 16GB RAM, 1TB HDD, 14 inch HD, Windows 11 Home.",https://www.amazon.com/HP-Students-Business-Quad-Core-Storage/dp/B0B2D77YB8
"Lenovo IdeaPad 15.6"" HD Display",$379.00 ,"Lenovo IdeaPad, 15.6"" HD Display, Intel Core i3 Processor, 8GB RAM, 256GB SSD, Windows 11 Home.",https://www.amazon.com/Lenovo-IdeaPad-Display-Processor-Additional/dp/B0D74GBJ1L
HP Business Laptop with Lifetime Office,$399.00 ,"HP 15.6"" HD Touchscreen Business Laptop, Intel Core i3, 8GB RAM, 256GB SSD, Windows 11, Microsoft Office Lifetime.",https://www.amazon.com/HP-Business-Microsoft-Lifetime-Touchscreen/dp/B0CWN27G3V
